{
    "0": [
        11.75,
        0.7037037037037037
    ],
    "1": [
        0.07526881720430108,
        3.380952380952381
    ],
    "2": [
        0.7,
        0.1
    ],
    "3": [
        0.16326530612244897,
        1.3620689655172413
    ],
    "4": [
        2.6052631578947367,
        6.461538461538462
    ],
    "5": [
        0.5066666666666667,
        0.6666666666666666
    ],
    "6": [
        28.333333333333332,
        0.21839080459770116
    ],
    "7": [
        0.6346153846153846,
        3.7083333333333335
    ],
    "8": [
        0.30927835051546393,
        0.1875
    ],
    "9": [
        0.2923076923076923,
        22.666666666666668
    ]
}